LATITUDE,LONGITUDE,LOCATION
,,
,,
,,
40.667202,-73.8665,"(40.667202, -73.8665)"
40.683304,-73.917274,"(40.683304, -73.917274)"
,,
40.709183,-73.956825,"(40.709183, -73.956825)"
40.86816,-73.83148,"(40.86816, -73.83148)"
40.67172,-73.8971,"(40.67172, -73.8971)"
40.75144,-73.97397,"(40.75144, -73.97397)"
40.701275,-73.88887,"(40.701275, -73.88887)"
40.675884,-73.75577,"(40.675884, -73.75577)"
,,
40.59662,-74.00231,"(40.59662, -74.00231)"
40.66684,-73.78941,"(40.66684, -73.78941)"
40.68158,-73.97463,"(40.68158, -73.97463)"
40.65068,-73.95881,"(40.65068, -73.95881)"
,,
40.87262,-73.904686,"(40.87262, -73.904686)"
40.783268,-73.82485,"(40.783268, -73.82485)"
40.748917,-73.993546,"(40.748917, -73.993546)"
40.744644,-73.77041,"(40.744644, -73.77041)"
40.75373,-73.88505,"(40.75373, -73.88505)"
40.804375,-73.93742,"(40.804375, -73.93742)"
40.63165,-74.08762,"(40.63165, -74.08762)"
40.623104,-73.95809,"(40.623104, -73.95809)"
40.66576,-73.9845,"(40.66576, -73.9845)"
40.687534,-73.9775,"(40.687534, -73.9775)"
40.710957,-73.951126,"(40.710957, -73.951126)"
40.81813,-73.910126,"(40.81813, -73.910126)"
40.70447,-73.90148,"(40.70447, -73.90148)"
40.784615,-73.953964,"(40.784615, -73.953964)"
,,
,,
,,
,,
,,
40.663303,-73.96049,"(40.663303, -73.96049)"
,,
40.720535,-73.88885,"(40.720535, -73.88885)"
40.607685,-74.13892,"(40.607685, -74.13892)"
40.855972,-73.869896,"(40.855972, -73.869896)"
40.790276,-73.9396,"(40.790276, -73.9396)"
40.642986,-74.01621,"(40.642986, -74.01621)"
0,0,"(0.0, 0.0)"
40.843906,-73.92413,"(40.843906, -73.92413)"
40.89481,-73.86183,"(40.89481, -73.86183)"
0,0,"(0.0, 0.0)"
40.85169,-73.95238,"(40.85169, -73.95238)"
40.861862,-73.91275,"(40.861862, -73.91275)"
40.666256,-73.900215,"(40.666256, -73.900215)"
40.767242,-73.986206,"(40.767242, -73.986206)"
40.62417,-73.97048,"(40.62417, -73.97048)"
40.679955,-73.97491,"(40.679955, -73.97491)"
40.692356,-73.94282,"(40.692356, -73.94282)"
40.78291,-73.98578,"(40.78291, -73.98578)"
40.67308,-73.91124,"(40.67308, -73.91124)"
40.65011,-73.930214,"(40.65011, -73.930214)"
40.638382,-74.03668,"(40.638382, -74.03668)"
40.69261,-73.81143,"(40.69261, -73.81143)"
40.745235,-73.937706,"(40.745235, -73.937706)"
,,
40.758705,-73.93793,"(40.758705, -73.93793)"
40.695156,-73.845406,"(40.695156, -73.845406)"
40.748158,-73.97033,"(40.748158, -73.97033)"
40.609535,-73.75372,"(40.609535, -73.75372)"
40.59207,-73.96299,"(40.59207, -73.96299)"
40.850018,-73.9107,"(40.850018, -73.9107)"
40.653023,-73.73895,"(40.653023, -73.73895)"
40.62573,-73.9564,"(40.62573, -73.9564)"
40.665375,-73.934235,"(40.665375, -73.934235)"
40.776237,-73.943825,"(40.776237, -73.943825)"
40.640835,-73.98967,"(40.640835, -73.98967)"
40.593636,-73.797264,"(40.593636, -73.797264)"
40.674263,-73.80453,"(40.674263, -73.80453)"
40.70476,-73.96491,"(40.70476, -73.96491)"
40.569626,-74.190735,"(40.569626, -74.190735)"
40.698463,-73.960205,"(40.698463, -73.960205)"
40.658413,-73.9171,"(40.658413, -73.9171)"
40.76175,-73.96899,"(40.76175, -73.96899)"
40.736614,-73.9951,"(40.736614, -73.9951)"
,,
,,
40.62121,-74.12385,"(40.62121, -74.12385)"
40.873737,-73.90593,"(40.873737, -73.90593)"
40.66718,-73.95076,"(40.66718, -73.95076)"
40.754295,-73.93946,"(40.754295, -73.93946)"
40.588116,-73.97261,"(40.588116, -73.97261)"
40.854935,-73.85822,"(40.854935, -73.85822)"
40.662575,-73.93448,"(40.662575, -73.93448)"
40.7448,-73.953415,"(40.7448, -73.953415)"
40.79672,-73.97618,"(40.79672, -73.97618)"
40.752777,-73.70743,"(40.752777, -73.70743)"
40.638523,-73.92607,"(40.638523, -73.92607)"
40.637833,-74.08193,"(40.637833, -74.08193)"
40.797836,-73.96946,"(40.797836, -73.96946)"
40.734375,-73.87342,"(40.734375, -73.87342)"
40.699947,-73.736626,"(40.699947, -73.736626)"
40.75632,-73.999275,"(40.75632, -73.999275)"
40.69614,-73.81789,"(40.69614, -73.81789)"
40.631687,-73.9205,"(40.631687, -73.9205)"
40.88839,-73.84666,"(40.88839, -73.84666)"
40.844425,-73.8639,"(40.844425, -73.8639)"
40.833965,-73.8629,"(40.833965, -73.8629)"
40.705738,-73.944695,"(40.705738, -73.944695)"
40.637905,-73.8878,"(40.637905, -73.8878)"
40.635063,-73.94788,"(40.635063, -73.94788)"
40.804153,-73.91304,"(40.804153, -73.91304)"
40.676403,-73.96287,"(40.676403, -73.96287)"
40.829777,-73.85055,"(40.829777, -73.85055)"
40.613926,-74.030174,"(40.613926, -74.030174)"
40.635563,-73.89577,"(40.635563, -73.89577)"
40.675167,-73.825264,"(40.675167, -73.825264)"
40.761486,-73.96061,"(40.761486, -73.96061)"
40.712284,-73.964005,"(40.712284, -73.964005)"
40.70546,-73.7949,"(40.70546, -73.7949)"
40.74967,-73.99531,"(40.74967, -73.99531)"
40.833786,-73.94037,"(40.833786, -73.94037)"
40.67794,-73.8023,"(40.67794, -73.8023)"
40.637985,-74.0076,"(40.637985, -74.0076)"
,,
40.835037,-73.93979,"(40.835037, -73.93979)"
40.9046,-73.852936,"(40.9046, -73.852936)"
40.742508,-73.91788,"(40.742508, -73.91788)"
,,
,,
40.67046,-73.88788,"(40.67046, -73.88788)"
40.72224,-73.9863,"(40.72224, -73.9863)"
40.67639,-73.97189,"(40.67639, -73.97189)"
40.88893,-73.86579,"(40.88893, -73.86579)"
40.80118,-73.93975,"(40.80118, -73.93975)"
40.757668,-73.95915,"(40.757668, -73.95915)"
40.668896,-73.95339,"(40.668896, -73.95339)"
40.63654,-73.97707,"(40.63654, -73.97707)"
40.831055,-73.905846,"(40.831055, -73.905846)"
40.85868,-73.89922,"(40.85868, -73.89922)"
40.62466,-74.17856,"(40.62466, -74.17856)"
40.63947,-73.902756,"(40.63947, -73.902756)"
40.86173,-73.91182,"(40.86173, -73.91182)"
40.69538,-73.985115,"(40.69538, -73.985115)"
40.63063,-74.00923,"(40.63063, -74.00923)"
40.82707,-73.87075,"(40.82707, -73.87075)"
40.60548,-73.93922,"(40.60548, -73.93922)"
40.692593,-73.91551,"(40.692593, -73.91551)"
,,
40.680664,-73.902626,"(40.680664, -73.902626)"
40.645718,-73.95002,"(40.645718, -73.95002)"
40.68327,-73.95016,"(40.68327, -73.95016)"
40.84036,-73.91807,"(40.84036, -73.91807)"
,,
,,
40.577652,-73.96344,"(40.577652, -73.96344)"
40.730145,-73.99781,"(40.730145, -73.99781)"
40.67478,-73.806206,"(40.67478, -73.806206)"
40.624622,-73.97598,"(40.624622, -73.97598)"
40.67271,-73.97089,"(40.67271, -73.97089)"
40.7314,-73.926094,"(40.7314, -73.926094)"
40.632786,-74.13712,"(40.632786, -74.13712)"
40.596733,-74.07045,"(40.596733, -74.07045)"
40.617645,-73.92092,"(40.617645, -73.92092)"
,,
40.68651,-73.98378,"(40.68651, -73.98378)"
40.69831,-73.9498,"(40.69831, -73.9498)"
40.692455,-73.76814,"(40.692455, -73.76814)"
40.778805,-73.974075,"(40.778805, -73.974075)"
40.747894,-73.989174,"(40.747894, -73.989174)"
40.83578,-73.871445,"(40.83578, -73.871445)"
40.61763,-74.133575,"(40.61763, -74.133575)"
40.731407,-73.99698,"(40.731407, -73.99698)"
40.60784,-73.961975,"(40.60784, -73.961975)"
40.752563,-73.74328,"(40.752563, -73.74328)"
40.67848,-73.98232,"(40.67848, -73.98232)"
40.629475,-74.004166,"(40.629475, -74.004166)"
40.668797,-73.93113,"(40.668797, -73.93113)"
40.754707,-73.99164,"(40.754707, -73.99164)"
40.85713,-73.8808,"(40.85713, -73.8808)"
40.857418,-73.89996,"(40.857418, -73.89996)"
40.702972,-73.888054,"(40.702972, -73.888054)"
40.786366,-73.97598,"(40.786366, -73.97598)"
40.624474,-74.00668,"(40.624474, -74.00668)"
40.76532,-73.771904,"(40.76532, -73.771904)"
40.597683,-73.96686,"(40.597683, -73.96686)"
40.609768,-74.06969,"(40.609768, -74.06969)"
40.798286,-73.938705,"(40.798286, -73.938705)"
40.776764,-73.848015,"(40.776764, -73.848015)"
40.747498,-73.91309,"(40.747498, -73.91309)"
40.701637,-73.942276,"(40.701637, -73.942276)"
40.69349,-73.826546,"(40.69349, -73.826546)"
40.726463,-73.85943,"(40.726463, -73.85943)"
40.856434,-73.886826,"(40.856434, -73.886826)"
40.87151,-73.87057,"(40.87151, -73.87057)"
40.68686,-73.96758,"(40.68686, -73.96758)"
40.624763,-73.96518,"(40.624763, -73.96518)"
40.678417,-73.729225,"(40.678417, -73.729225)"
40.692596,-73.79078,"(40.692596, -73.79078)"
40.734486,-73.891754,"(40.734486, -73.891754)"
40.88399,-73.82641,"(40.88399, -73.82641)"
40.683872,-73.95998,"(40.683872, -73.95998)"
40.799484,-73.92929,"(40.799484, -73.92929)"
40.70839,-74.00482,"(40.70839, -74.00482)"
40.766502,-73.99418,"(40.766502, -73.99418)"
40.676304,-73.816284,"(40.676304, -73.816284)"
40.66447,-73.89593,"(40.66447, -73.89593)"
40.709835,-74.014885,"(40.709835, -74.014885)"
40.585342,-73.94157,"(40.585342, -73.94157)"
40.746395,-73.9856,"(40.746395, -73.9856)"
40.617004,-73.96912,"(40.617004, -73.96912)"
40.718662,-74.00615,"(40.718662, -74.00615)"
40.680664,-73.97028,"(40.680664, -73.97028)"
40.67392,-73.91012,"(40.67392, -73.91012)"
40.806835,-73.924355,"(40.806835, -73.924355)"
40.627735,-73.920105,"(40.627735, -73.920105)"
0,0,"(0.0, 0.0)"
40.661263,-73.955765,"(40.661263, -73.955765)"
40.844883,-73.907295,"(40.844883, -73.907295)"
40.76104,-73.88162,"(40.76104, -73.88162)"
40.669777,-73.9583,"(40.669777, -73.9583)"
40.839443,-73.90436,"(40.839443, -73.90436)"
40.75245,-73.94507,"(40.75245, -73.94507)"
40.687748,-73.980125,"(40.687748, -73.980125)"
40.87356,-73.81853,"(40.87356, -73.81853)"
40.8176,-73.90373,"(40.8176, -73.90373)"
40.638428,-73.91275,"(40.638428, -73.91275)"
40.813885,-73.95211,"(40.813885, -73.95211)"
,,
40.77733,-73.95456,"(40.77733, -73.95456)"
40.713135,-74.00407,"(40.713135, -74.00407)"
40.775486,-73.98217,"(40.775486, -73.98217)"
40.591137,-73.97752,"(40.591137, -73.97752)"
40.865536,-73.92728,"(40.865536, -73.92728)"
40.76551,-73.97795,"(40.76551, -73.97795)"
40.63311,-73.97217,"(40.63311, -73.97217)"
40.823772,-73.87245,"(40.823772, -73.87245)"
40.84497,-73.90247,"(40.84497, -73.90247)"
,,
40.675507,-74.00075,"(40.675507, -74.00075)"
40.609535,-73.75372,"(40.609535, -73.75372)"
40.730446,-74.00431,"(40.730446, -74.00431)"
40.721645,-73.8026,"(40.721645, -73.8026)"
40.853477,-73.82622,"(40.853477, -73.82622)"
40.66901,-73.80265,"(40.66901, -73.80265)"
40.629475,-74.1123,"(40.629475, -74.1123)"
40.6843,-73.99724,"(40.6843, -73.99724)"
40.767612,-73.950005,"(40.767612, -73.950005)"
40.80066,-73.9544,"(40.80066, -73.9544)"
40.87645,-73.848175,"(40.87645, -73.848175)"
40.737865,-73.876144,"(40.737865, -73.876144)"
40.764103,-73.93277,"(40.764103, -73.93277)"
40.66735,-73.76994,"(40.66735, -73.76994)"
40.824265,-73.95642,"(40.824265, -73.95642)"
40.702045,-73.9156,"(40.702045, -73.9156)"
40.85306,-73.931,"(40.85306, -73.931)"
0,0,"(0.0, 0.0)"
40.697315,-73.932274,"(40.697315, -73.932274)"
40.679344,-73.859535,"(40.679344, -73.859535)"
40.708923,-73.81877,"(40.708923, -73.81877)"
40.60203,-74.09572,"(40.60203, -74.09572)"
40.693787,-73.81173,"(40.693787, -73.81173)"
40.826767,-73.888855,"(40.826767, -73.888855)"
40.56692,-74.116234,"(40.56692, -74.116234)"
,,
40.623913,-74.00726,"(40.623913, -74.00726)"
40.592422,-73.99508,"(40.592422, -73.99508)"
40.6783,-73.88988,"(40.6783, -73.88988)"
40.748962,-73.89176,"(40.748962, -73.89176)"
40.631508,-73.90506,"(40.631508, -73.90506)"
40.677322,-73.790955,"(40.677322, -73.790955)"
40.57666,-73.965836,"(40.57666, -73.965836)"
40.804585,-73.94782,"(40.804585, -73.94782)"
40.832916,-73.92939,"(40.832916, -73.92939)"
40.722515,-73.73332,"(40.722515, -73.73332)"
40.692127,-73.83484,"(40.692127, -73.83484)"
40.807537,-73.8798,"(40.807537, -73.8798)"
40.878128,-73.86944,"(40.878128, -73.86944)"
40.75777,-73.854164,"(40.75777, -73.854164)"
40.6569,-73.907486,"(40.6569, -73.907486)"
40.845024,-73.92632,"(40.845024, -73.92632)"
40.817795,-73.89319,"(40.817795, -73.89319)"
40.81915,-73.93062,"(40.81915, -73.93062)"
40.591778,-74.12734,"(40.591778, -74.12734)"
40.753994,-73.94244,"(40.753994, -73.94244)"
40.724846,-73.999,"(40.724846, -73.999)"
,,
40.822933,-73.93813,"(40.822933, -73.93813)"
40.680477,-73.951164,"(40.680477, -73.951164)"
40.648243,-73.929,"(40.648243, -73.929)"
40.64366,-73.90067,"(40.64366, -73.90067)"
40.6843,-73.94121,"(40.6843, -73.94121)"
40.602425,-74.091354,"(40.602425, -74.091354)"
40.662037,-73.95077,"(40.662037, -73.95077)"
40.68164,-73.98568,"(40.68164, -73.98568)"
40.781315,-73.94614,"(40.781315, -73.94614)"
40.74498,-73.89325,"(40.74498, -73.89325)"
40.6117,-74.13918,"(40.6117, -74.13918)"
40.616295,-73.92991,"(40.616295, -73.92991)"
40.78322,-73.84586,"(40.78322, -73.84586)"
40.87122,-73.83709,"(40.87122, -73.83709)"
40.680077,-73.852684,"(40.680077, -73.852684)"
40.843384,-73.88987,"(40.843384, -73.88987)"
40.680023,-73.794624,"(40.680023, -73.794624)"
40.72937,-73.955444,"(40.72937, -73.955444)"
40.683754,-73.88565,"(40.683754, -73.88565)"
40.70413,-73.76984,"(40.70413, -73.76984)"
40.609985,-73.96239,"(40.609985, -73.96239)"
40.673676,-73.86576,"(40.673676, -73.86576)"
40.751442,-73.97606,"(40.751442, -73.97606)"
40.86514,-73.801544,"(40.86514, -73.801544)"
40.72218,-73.84406,"(40.72218, -73.84406)"
40.797924,-73.9296,"(40.797924, -73.9296)"
40.626373,-73.99754,"(40.626373, -73.99754)"
40.883133,-73.882095,"(40.883133, -73.882095)"
40.90222,-73.85589,"(40.90222, -73.85589)"
40.72717,-73.78739,"(40.72717, -73.78739)"
40.600792,-73.76711,"(40.600792, -73.76711)"
40.84434,-73.91475,"(40.84434, -73.91475)"
40.67922,-73.90405,"(40.67922, -73.90405)"
40.802982,-73.93815,"(40.802982, -73.93815)"
40.731544,-73.955315,"(40.731544, -73.955315)"
40.683323,-73.80648,"(40.683323, -73.80648)"
40.732006,-73.95795,"(40.732006, -73.95795)"
40.6544,-73.92044,"(40.6544, -73.92044)"
40.589592,-73.786385,"(40.589592, -73.786385)"
40.736164,-73.97891,"(40.736164, -73.97891)"
40.59723,-73.76237,"(40.59723, -73.76237)"
40.67393,-73.999954,"(40.67393, -73.999954)"
40.840153,-73.88572,"(40.840153, -73.88572)"
40.599503,-74.067116,"(40.599503, -74.067116)"
40.822456,-73.868065,"(40.822456, -73.868065)"
40.59841,-73.97592,"(40.59841, -73.97592)"
40.697083,-73.85476,"(40.697083, -73.85476)"
40.896385,-73.87246,"(40.896385, -73.87246)"
40.695637,-73.80372,"(40.695637, -73.80372)"
40.69982,-73.996254,"(40.69982, -73.996254)"
40.590313,-74.09794,"(40.590313, -74.09794)"
40.787544,-73.82394,"(40.787544, -73.82394)"
40.67539,-73.88113,"(40.67539, -73.88113)"
40.634007,-74.07516,"(40.634007, -74.07516)"
40.73844,-73.88628,"(40.73844, -73.88628)"
40.60855,-74.13216,"(40.60855, -74.13216)"
40.58573,-74.16865,"(40.58573, -74.16865)"
40.599907,-73.94664,"(40.599907, -73.94664)"
40.806713,-73.93782,"(40.806713, -73.93782)"
40.748318,-73.87742,"(40.748318, -73.87742)"
40.68651,-73.76815,"(40.68651, -73.76815)"
,,
40.624203,-74.177124,"(40.624203, -74.177124)"
40.744526,-73.77161,"(40.744526, -73.77161)"
40.576965,-74.16974,"(40.576965, -74.16974)"
40.8502,-73.8302,"(40.8502, -73.8302)"
40.715477,-73.998085,"(40.715477, -73.998085)"
40.611477,-73.94883,"(40.611477, -73.94883)"
40.681515,-73.90412,"(40.681515, -73.90412)"
40.61578,-73.99995,"(40.61578, -73.99995)"
40.82207,-73.94993,"(40.82207, -73.94993)"
40.74606,-73.85583,"(40.74606, -73.85583)"
40.72013,-73.79038,"(40.72013, -73.79038)"
40.688435,-73.78765,"(40.688435, -73.78765)"
40.84964,-73.89661,"(40.84964, -73.89661)"
40.68329,-73.85491,"(40.68329, -73.85491)"
40.812912,-73.95364,"(40.812912, -73.95364)"
40.6639,-73.7804,"(40.6639, -73.7804)"
40.59312,-73.772705,"(40.59312, -73.772705)"
,,
40.596687,-73.74422,"(40.596687, -73.74422)"
,,
40.673107,-73.99959,"(40.673107, -73.99959)"
40.63874,-73.8952,"(40.63874, -73.8952)"
40.675255,-73.73207,"(40.675255, -73.73207)"
40.846313,-73.92385,"(40.846313, -73.92385)"
40.608364,-73.95727,"(40.608364, -73.95727)"
,,
40.682724,-73.88539,"(40.682724, -73.88539)"
40.80789,-73.852844,"(40.80789, -73.852844)"
40.607754,-74.13205,"(40.607754, -74.13205)"
,,
40.708324,-73.84314,"(40.708324, -73.84314)"
40.79194,-73.95281,"(40.79194, -73.95281)"
40.718792,-73.98902,"(40.718792, -73.98902)"
40.86463,-73.892136,"(40.86463, -73.892136)"
40.67856,-73.889015,"(40.67856, -73.889015)"
40.721474,-73.98383,"(40.721474, -73.98383)"
40.79184,-73.93556,"(40.79184, -73.93556)"
40.78076,-73.825424,"(40.78076, -73.825424)"
40.7359,-73.91338,"(40.7359, -73.91338)"
,,
40.710697,-73.984634,"(40.710697, -73.984634)"
40.760777,-73.95702,"(40.760777, -73.95702)"
40.81358,-73.89385,"(40.81358, -73.89385)"
40.575302,-73.98453,"(40.575302, -73.98453)"
40.66843,-73.91919,"(40.66843, -73.91919)"
40.81701,-73.9595,"(40.81701, -73.9595)"
40.85755,-73.882835,"(40.85755, -73.882835)"
40.89711,-73.88008,"(40.89711, -73.88008)"
40.685795,-73.911644,"(40.685795, -73.911644)"
40.69305,-73.799446,"(40.69305, -73.799446)"
40.609535,-73.75372,"(40.609535, -73.75372)"
40.720627,-74.00522,"(40.720627, -74.00522)"
40.763496,-73.87814,"(40.763496, -73.87814)"
40.686646,-73.849075,"(40.686646, -73.849075)"
40.579445,-73.9544,"(40.579445, -73.9544)"
40.762966,-73.973976,"(40.762966, -73.973976)"
40.76555,-73.83911,"(40.76555, -73.83911)"
40.779602,-73.95553,"(40.779602, -73.95553)"
40.553192,-74.164345,"(40.553192, -74.164345)"
40.836094,-73.883995,"(40.836094, -73.883995)"
40.59692,-73.94122,"(40.59692, -73.94122)"
40.62318,-73.98611,"(40.62318, -73.98611)"
40.67562,-73.88826,"(40.67562, -73.88826)"
40.80609,-73.95414,"(40.80609, -73.95414)"
40.87739,-73.8665,"(40.87739, -73.8665)"
40.689133,-73.951324,"(40.689133, -73.951324)"
40.83604,-73.92222,"(40.83604, -73.92222)"
40.76649,-73.95696,"(40.76649, -73.95696)"
40.731613,-73.9545,"(40.731613, -73.9545)"
40.708324,-74.00311,"(40.708324, -74.00311)"
40.65375,-73.931274,"(40.65375, -73.931274)"
,,
40.60675,-73.756645,"(40.60675, -73.756645)"
,,
40.743534,-73.93951,"(40.743534, -73.93951)"
40.678364,-73.77949,"(40.678364, -73.77949)"
40.724274,-74.01136,"(40.724274, -74.01136)"
,,
40.8188,-73.956024,"(40.8188, -73.956024)"
40.69558,-73.788704,"(40.69558, -73.788704)"
40.80484,-73.912796,"(40.80484, -73.912796)"
40.658466,-73.96049,"(40.658466, -73.96049)"
40.868164,-73.90054,"(40.868164, -73.90054)"
40.66169,-73.96143,"(40.66169, -73.96143)"
40.87037,-73.87052,"(40.87037, -73.87052)"
40.69674,-73.76292,"(40.69674, -73.76292)"
40.65958,-73.89247,"(40.65958, -73.89247)"
40.83232,-73.87395,"(40.83232, -73.87395)"
40.708534,-73.914925,"(40.708534, -73.914925)"
40.777496,-73.90784,"(40.777496, -73.90784)"
40.83406,-73.944885,"(40.83406, -73.944885)"
40.66615,-73.80575,"(40.66615, -73.80575)"
,,
40.82324,-73.938835,"(40.82324, -73.938835)"
40.6974,-73.80952,"(40.6974, -73.80952)"
,,
40.67897,-73.75985,"(40.67897, -73.75985)"
40.590313,-74.09794,"(40.590313, -74.09794)"
40.654343,-73.864204,"(40.654343, -73.864204)"
40.62782,-74.12126,"(40.62782, -74.12126)"
40.592037,-74.15436,"(40.592037, -74.15436)"
40.79293,-73.950005,"(40.79293, -73.950005)"
40.8452,-73.916885,"(40.8452, -73.916885)"
40.72609,-73.830154,"(40.72609, -73.830154)"
40.76092,-73.96704,"(40.76092, -73.96704)"
40.69754,-73.98312,"(40.69754, -73.98312)"
,,
40.843464,-73.836,"(40.843464, -73.836)"
40.692547,-73.990974,"(40.692547, -73.990974)"
40.626457,-73.918,"(40.626457, -73.918)"
40.526894,-74.16728,"(40.526894, -74.16728)"
40.840775,-73.87246,"(40.840775, -73.87246)"
,,
40.694035,-73.72679,"(40.694035, -73.72679)"
,,
40.857365,-73.84657,"(40.857365, -73.84657)"
40.698807,-73.91837,"(40.698807, -73.91837)"
40.71402,-73.74827,"(40.71402, -73.74827)"
40.815,-73.89402,"(40.815, -73.89402)"
40.55079,-74.20098,"(40.55079, -74.20098)"
40.655903,-73.89817,"(40.655903, -73.89817)"
40.890076,-73.819855,"(40.890076, -73.819855)"
40.650402,-73.89422,"(40.650402, -73.89422)"
40.79335,-73.97275,"(40.79335, -73.97275)"
40.72538,-74.00011,"(40.72538, -74.00011)"
40.75184,-73.90358,"(40.75184, -73.90358)"
40.755516,-73.961105,"(40.755516, -73.961105)"
40.649788,-73.9622,"(40.649788, -73.9622)"
40.686928,-73.920815,"(40.686928, -73.920815)"
40.712963,-73.93647,"(40.712963, -73.93647)"
40.694294,-73.74868,"(40.694294, -73.74868)"
40.801285,-73.95394,"(40.801285, -73.95394)"
40.633976,-74.02211,"(40.633976, -74.02211)"
40.670296,-73.997604,"(40.670296, -73.997604)"
40.66423,-73.919106,"(40.66423, -73.919106)"
40.817696,-73.922615,"(40.817696, -73.922615)"
40.668495,-73.925606,"(40.668495, -73.925606)"
40.662476,-73.768326,"(40.662476, -73.768326)"
,,
40.841087,-73.86447,"(40.841087, -73.86447)"
40.70955,-73.95887,"(40.70955, -73.95887)"
40.733376,-73.86665,"(40.733376, -73.86665)"
40.700356,-73.95732,"(40.700356, -73.95732)"
40.83801,-73.87329,"(40.83801, -73.87329)"
40.66584,-73.75551,"(40.66584, -73.75551)"
,,
40.761436,-73.76995,"(40.761436, -73.76995)"
40.74958,-73.86541,"(40.74958, -73.86541)"
40.73197,-73.78651,"(40.73197, -73.78651)"
40.76249,-73.839584,"(40.76249, -73.839584)"
40.668507,-73.779625,"(40.668507, -73.779625)"
40.638268,-73.93187,"(40.638268, -73.93187)"
40.696735,-73.93481,"(40.696735, -73.93481)"
40.870823,-73.8721,"(40.870823, -73.8721)"
40.574867,-74.00069,"(40.574867, -74.00069)"
40.866577,-73.8722,"(40.866577, -73.8722)"
40.775414,-73.91984,"(40.775414, -73.91984)"
40.84744,-73.89968,"(40.84744, -73.89968)"
40.542908,-74.15579,"(40.542908, -74.15579)"
40.78468,-73.80911,"(40.78468, -73.80911)"
40.632416,-73.94724,"(40.632416, -73.94724)"
40.714207,-73.92817,"(40.714207, -73.92817)"
40.727913,-73.873245,"(40.727913, -73.873245)"
40.854485,-73.854645,"(40.854485, -73.854645)"
40.698986,-73.91671,"(40.698986, -73.91671)"
40.841717,-73.94435,"(40.841717, -73.94435)"
40.861687,-73.82435,"(40.861687, -73.82435)"
40.691822,-73.92223,"(40.691822, -73.92223)"
40.856014,-73.91213,"(40.856014, -73.91213)"
40.83383,-73.921234,"(40.83383, -73.921234)"
40.68781,-73.9237,"(40.68781, -73.9237)"
40.642044,-73.98124,"(40.642044, -73.98124)"
40.69814,-73.89111,"(40.69814, -73.89111)"
40.64664,-73.9246,"(40.64664, -73.9246)"
40.703217,-73.73427,"(40.703217, -73.73427)"
40.680897,-73.95118,"(40.680897, -73.95118)"
40.760822,-73.99832,"(40.760822, -73.99832)"
40.74608,-73.974945,"(40.74608, -73.974945)"
40.626293,-74.01572,"(40.626293, -74.01572)"
40.767967,-73.96822,"(40.767967, -73.96822)"
40.673634,-73.89294,"(40.673634, -73.89294)"
40.579212,-73.976265,"(40.579212, -73.976265)"
40.57365,-74.11252,"(40.57365, -74.11252)"
40.73632,-73.85631,"(40.73632, -73.85631)"
40.619396,-73.969574,"(40.619396, -73.969574)"
40.820263,-73.92976,"(40.820263, -73.92976)"
40.601864,-74.00232,"(40.601864, -74.00232)"
40.810318,-73.943634,"(40.810318, -73.943634)"
40.666306,-73.79171,"(40.666306, -73.79171)"
40.708805,-73.92577,"(40.708805, -73.92577)"
40.826424,-73.85868,"(40.826424, -73.85868)"
40.63174,-73.96793,"(40.63174, -73.96793)"
0,0,"(0.0, 0.0)"
40.727146,-73.954735,"(40.727146, -73.954735)"
40.67253,-73.798386,"(40.67253, -73.798386)"
40.702335,-73.89073,"(40.702335, -73.89073)"
40.587894,-73.95504,"(40.587894, -73.95504)"
40.65047,-73.917366,"(40.65047, -73.917366)"
40.836555,-73.94306,"(40.836555, -73.94306)"
40.870056,-73.83222,"(40.870056, -73.83222)"
40.579372,-74.16948,"(40.579372, -74.16948)"
40.805138,-73.945244,"(40.805138, -73.945244)"
40.85968,-73.90427,"(40.85968, -73.90427)"
40.605595,-73.98404,"(40.605595, -73.98404)"
40.819214,-73.84662,"(40.819214, -73.84662)"
40.827972,-73.88707,"(40.827972, -73.88707)"
40.66496,-73.82226,"(40.66496, -73.82226)"
40.719177,-73.79223,"(40.719177, -73.79223)"
40.748825,-73.96984,"(40.748825, -73.96984)"
40.733597,-73.91062,"(40.733597, -73.91062)"
40.54048,-74.153404,"(40.54048, -74.153404)"
40.738403,-73.93864,"(40.738403, -73.93864)"
40.68039,-73.94956,"(40.68039, -73.94956)"
40.817627,-73.92366,"(40.817627, -73.92366)"
40.751446,-74.001434,"(40.751446, -74.001434)"
40.86418,-73.90119,"(40.86418, -73.90119)"
40.76161,-73.97076,"(40.76161, -73.97076)"
40.689648,-73.9184,"(40.689648, -73.9184)"
40.741634,-73.88266,"(40.741634, -73.88266)"
40.596977,-73.97324,"(40.596977, -73.97324)"
40.63864,-74.02245,"(40.63864, -74.02245)"
40.565254,-74.1301,"(40.565254, -74.1301)"
40.655895,-73.898224,"(40.655895, -73.898224)"
40.68821,-73.96583,"(40.68821, -73.96583)"
40.71649,-73.98484,"(40.71649, -73.98484)"
,,
,,
40.876785,-73.87446,"(40.876785, -73.87446)"
40.86367,-73.86741,"(40.86367, -73.86741)"
40.835827,-73.89068,"(40.835827, -73.89068)"
40.793396,-73.94043,"(40.793396, -73.94043)"
40.84827,-73.88312,"(40.84827, -73.88312)"
40.656273,-73.90731,"(40.656273, -73.90731)"
40.693462,-73.965485,"(40.693462, -73.965485)"
40.66725,-73.88799,"(40.66725, -73.88799)"
40.844105,-73.923065,"(40.844105, -73.923065)"
40.651707,-73.93121,"(40.651707, -73.93121)"
40.680496,-73.821365,"(40.680496, -73.821365)"
40.834415,-73.92854,"(40.834415, -73.92854)"
40.7357,-73.90377,"(40.7357, -73.90377)"
40.771038,-73.83413,"(40.771038, -73.83413)"
40.69484,-73.98391,"(40.69484, -73.98391)"
40.785774,-73.97052,"(40.785774, -73.97052)"
40.733017,-73.8852,"(40.733017, -73.8852)"
40.709023,-73.757835,"(40.709023, -73.757835)"
40.692886,-73.832184,"(40.692886, -73.832184)"
40.620487,-74.029305,"(40.620487, -74.029305)"
40.618595,-73.99847,"(40.618595, -73.99847)"
40.803787,-73.953896,"(40.803787, -73.953896)"
40.82319,-73.889496,"(40.82319, -73.889496)"
40.680088,-73.94398,"(40.680088, -73.94398)"
40.827927,-73.90094,"(40.827927, -73.90094)"
40.65342,-73.88898,"(40.65342, -73.88898)"
40.66895,-73.9339,"(40.66895, -73.9339)"
40.879055,-73.87439,"(40.879055, -73.87439)"
40.67043,-73.928185,"(40.67043, -73.928185)"
40.875874,-73.84989,"(40.875874, -73.84989)"
40.675037,-73.930534,"(40.675037, -73.930534)"
40.767582,-73.9109,"(40.767582, -73.9109)"
40.734352,-74.00849,"(40.734352, -74.00849)"
,,
40.63083,-73.90736,"(40.63083, -73.90736)"
40.63532,-73.95033,"(40.63532, -73.95033)"
40.714073,-73.95087,"(40.714073, -73.95087)"
40.702194,-73.93587,"(40.702194, -73.93587)"
40.764362,-73.96162,"(40.764362, -73.96162)"
40.69496,-73.946236,"(40.69496, -73.946236)"
40.79656,-73.97226,"(40.79656, -73.97226)"
40.805016,-73.92109,"(40.805016, -73.92109)"
40.66406,-73.73846,"(40.66406, -73.73846)"
40.7963,-73.93829,"(40.7963, -73.93829)"
40.66563,-73.73921,"(40.66563, -73.73921)"
40.680477,-73.7921,"(40.680477, -73.7921)"
40.737785,-73.93496,"(40.737785, -73.93496)"
40.778606,-73.98163,"(40.778606, -73.98163)"
40.75868,-73.87552,"(40.75868, -73.87552)"
40.856045,-73.90079,"(40.856045, -73.90079)"
40.880257,-73.843864,"(40.880257, -73.843864)"
40.60677,-73.759575,"(40.60677, -73.759575)"
40.695683,-73.741875,"(40.695683, -73.741875)"
,,
40.667236,-73.770004,"(40.667236, -73.770004)"
40.8351,-73.8825,"(40.8351, -73.8825)"
40.633682,-73.89868,"(40.633682, -73.89868)"
40.698116,-73.977325,"(40.698116, -73.977325)"
40.84747,-73.89134,"(40.84747, -73.89134)"
40.8047,-73.91243,"(40.8047, -73.91243)"
40.762676,-73.954346,"(40.762676, -73.954346)"
40.7158,-73.824486,"(40.7158, -73.824486)"
40.75584,-73.99238,"(40.75584, -73.99238)"
40.875942,-73.83304,"(40.875942, -73.83304)"
40.772102,-73.763954,"(40.772102, -73.763954)"
40.681602,-73.95855,"(40.681602, -73.95855)"
40.62677,-73.946884,"(40.62677, -73.946884)"
40.707493,-73.94153,"(40.707493, -73.94153)"
40.8252,-73.867714,"(40.8252, -73.867714)"
40.854115,-73.89091,"(40.854115, -73.89091)"
,,
40.768875,-73.94898,"(40.768875, -73.94898)"
40.629707,-73.90486,"(40.629707, -73.90486)"
40.72654,-73.71589,"(40.72654, -73.71589)"
40.634415,-74.08535,"(40.634415, -74.08535)"
40.889362,-73.83446,"(40.889362, -73.83446)"
40.66937,-73.89523,"(40.66937, -73.89523)"
40.89466,-73.86137,"(40.89466, -73.86137)"
40.669067,-73.9878,"(40.669067, -73.9878)"
,,
40.681484,-73.85049,"(40.681484, -73.85049)"
40.82433,-73.874374,"(40.82433, -73.874374)"
40.856606,-73.92841,"(40.856606, -73.92841)"
40.65785,-73.91648,"(40.65785, -73.91648)"
40.62764,-73.89022,"(40.62764, -73.89022)"
40.58401,-73.98587,"(40.58401, -73.98587)"
40.71791,-73.95341,"(40.71791, -73.95341)"
40.780437,-73.94989,"(40.780437, -73.94989)"
40.73973,-73.70625,"(40.73973, -73.70625)"
40.7952,-73.94623,"(40.7952, -73.94623)"
40.694794,-73.98246,"(40.694794, -73.98246)"
40.614063,-74.01393,"(40.614063, -74.01393)"
40.715702,-73.95579,"(40.715702, -73.95579)"
40.633152,-73.97762,"(40.633152, -73.97762)"
40.612736,-74.01172,"(40.612736, -74.01172)"
40.70166,-73.961464,"(40.70166, -73.961464)"
40.80641,-73.94227,"(40.80641, -73.94227)"
40.762234,-73.98987,"(40.762234, -73.98987)"
40.863647,-73.8918,"(40.863647, -73.8918)"
40.576626,-73.98478,"(40.576626, -73.98478)"
40.60118,-73.99098,"(40.60118, -73.99098)"
40.64721,-74.01531,"(40.64721, -74.01531)"
,,
40.681145,-73.7923,"(40.681145, -73.7923)"
40.57529,-73.97655,"(40.57529, -73.97655)"
40.786,-73.84574,"(40.786, -73.84574)"
40.601128,-73.997086,"(40.601128, -73.997086)"
40.827923,-73.93483,"(40.827923, -73.93483)"
40.805824,-73.954636,"(40.805824, -73.954636)"
40.642776,-74.02003,"(40.642776, -74.02003)"
40.86674,-73.92873,"(40.86674, -73.92873)"
,,
,,
40.571625,-74.11192,"(40.571625, -74.11192)"
40.678375,-73.9265,"(40.678375, -73.9265)"
40.74209,-73.984985,"(40.74209, -73.984985)"
40.81228,-73.90941,"(40.81228, -73.90941)"
40.604195,-73.97218,"(40.604195, -73.97218)"
40.84383,-73.886375,"(40.84383, -73.886375)"
40.759163,-73.988396,"(40.759163, -73.988396)"
40.652927,-73.959335,"(40.652927, -73.959335)"
40.69097,-73.94833,"(40.69097, -73.94833)"
40.718864,-73.97483,"(40.718864, -73.97483)"
40.683174,-73.87389,"(40.683174, -73.87389)"
,,
40.749744,-73.884315,"(40.749744, -73.884315)"
40.738316,-73.98773,"(40.738316, -73.98773)"
40.839382,-73.84531,"(40.839382, -73.84531)"
40.66806,-73.90394,"(40.66806, -73.90394)"
40.74715,-73.985504,"(40.74715, -73.985504)"
40.663776,-73.889915,"(40.663776, -73.889915)"
40.843903,-73.927284,"(40.843903, -73.927284)"
40.836296,-73.87369,"(40.836296, -73.87369)"
40.655285,-73.93658,"(40.655285, -73.93658)"
40.70166,-73.961464,"(40.70166, -73.961464)"
40.64606,-74.01648,"(40.64606, -74.01648)"
,,
40.72119,-73.761185,"(40.72119, -73.761185)"
40.708363,-73.87203,"(40.708363, -73.87203)"
40.674004,-73.81881,"(40.674004, -73.81881)"
40.729176,-73.87898,"(40.729176, -73.87898)"
40.745766,-73.86421,"(40.745766, -73.86421)"
40.86832,-73.83317,"(40.86832, -73.83317)"
40.598515,-73.766464,"(40.598515, -73.766464)"
40.695004,-73.9525,"(40.695004, -73.9525)"
40.72773,-73.90674,"(40.72773, -73.90674)"
40.704563,-73.91066,"(40.704563, -73.91066)"
40.66807,-73.80789,"(40.66807, -73.80789)"
40.66944,-73.883995,"(40.66944, -73.883995)"
40.684082,-73.90864,"(40.684082, -73.90864)"
40.69349,-73.97917,"(40.69349, -73.97917)"
40.765266,-73.81517,"(40.765266, -73.81517)"
40.74613,-73.83605,"(40.74613, -73.83605)"
40.74708,-73.98135,"(40.74708, -73.98135)"
40.87482,-73.877,"(40.87482, -73.877)"
40.70399,-73.85589,"(40.70399, -73.85589)"
40.649788,-73.9622,"(40.649788, -73.9622)"
40.69507,-73.80114,"(40.69507, -73.80114)"
40.788673,-73.97136,"(40.788673, -73.97136)"
40.847897,-73.92499,"(40.847897, -73.92499)"
40.68896,-73.93326,"(40.68896, -73.93326)"
40.695377,-73.94921,"(40.695377, -73.94921)"
40.880657,-73.877625,"(40.880657, -73.877625)"
40.828114,-73.93107,"(40.828114, -73.93107)"
40.781265,-73.97599,"(40.781265, -73.97599)"
40.848736,-73.93234,"(40.848736, -73.93234)"
,,
40.65989,-73.90536,"(40.65989, -73.90536)"
40.748436,-73.984566,"(40.748436, -73.984566)"
40.61033,-73.95932,"(40.61033, -73.95932)"
40.752556,-73.92972,"(40.752556, -73.92972)"
40.829697,-73.91313,"(40.829697, -73.91313)"
40.718826,-73.98424,"(40.718826, -73.98424)"
40.65241,-73.9264,"(40.65241, -73.9264)"
,,
40.852673,-73.919106,"(40.852673, -73.919106)"
40.851555,-73.952446,"(40.851555, -73.952446)"
40.707928,-73.784294,"(40.707928, -73.784294)"
40.891876,-73.8616,"(40.891876, -73.8616)"
40.58947,-73.80105,"(40.58947, -73.80105)"
40.74668,-73.9745,"(40.74668, -73.9745)"
40.85814,-73.895744,"(40.85814, -73.895744)"
40.708626,-73.94513,"(40.708626, -73.94513)"
,,
40.73464,-73.87421,"(40.73464, -73.87421)"
40.62855,-73.952835,"(40.62855, -73.952835)"
40.65563,-73.92596,"(40.65563, -73.92596)"
40.687046,-73.792114,"(40.687046, -73.792114)"
40.70326,-73.86474,"(40.70326, -73.86474)"
0,0,"(0.0, 0.0)"
,,
40.633114,-73.94928,"(40.633114, -73.94928)"
40.62046,-74.07641,"(40.62046, -74.07641)"
40.75964,-73.95817,"(40.75964, -73.95817)"
40.64254,-73.87652,"(40.64254, -73.87652)"
40.783146,-73.97833,"(40.783146, -73.97833)"
40.705452,-73.78149,"(40.705452, -73.78149)"
40.74425,-73.7334,"(40.74425, -73.7334)"
40.75348,-73.980896,"(40.75348, -73.980896)"
40.84307,-73.848076,"(40.84307, -73.848076)"
40.620914,-73.9753,"(40.620914, -73.9753)"
40.80889,-73.95581,"(40.80889, -73.95581)"
40.78847,-73.968895,"(40.78847, -73.968895)"
40.712776,-73.90601,"(40.712776, -73.90601)"
40.75868,-73.87552,"(40.75868, -73.87552)"
,,
40.74661,-73.86473,"(40.74661, -73.86473)"
40.835705,-73.88875,"(40.835705, -73.88875)"
40.688404,-73.93803,"(40.688404, -73.93803)"
40.781715,-73.823845,"(40.781715, -73.823845)"
40.730644,-73.97329,"(40.730644, -73.97329)"
40.75218,-73.85201,"(40.75218, -73.85201)"
40.731422,-73.94641,"(40.731422, -73.94641)"
40.761234,-73.96389,"(40.761234, -73.96389)"
40.668976,-73.90668,"(40.668976, -73.90668)"
,,
40.637276,-73.93177,"(40.637276, -73.93177)"
40.788685,-73.94386,"(40.788685, -73.94386)"
,,
40.87356,-73.81853,"(40.87356, -73.81853)"
40.795006,-73.9485,"(40.795006, -73.9485)"
40.820095,-73.955086,"(40.820095, -73.955086)"
40.594334,-73.990944,"(40.594334, -73.990944)"
40.666306,-73.79171,"(40.666306, -73.79171)"
40.673008,-73.97851,"(40.673008, -73.97851)"
40.583626,-73.98407,"(40.583626, -73.98407)"
40.874474,-73.90031,"(40.874474, -73.90031)"
40.633995,-73.98138,"(40.633995, -73.98138)"
40.772327,-73.94531,"(40.772327, -73.94531)"
40.704937,-73.94932,"(40.704937, -73.94932)"
40.653873,-74.008156,"(40.653873, -74.008156)"
,,
,,
40.677917,-73.93861,"(40.677917, -73.93861)"
40.59857,-73.9689,"(40.59857, -73.9689)"
40.809563,-73.92923,"(40.809563, -73.92923)"
40.68836,-73.96444,"(40.68836, -73.96444)"
40.666737,-73.90224,"(40.666737, -73.90224)"
40.713173,-73.90076,"(40.713173, -73.90076)"
40.73006,-73.710754,"(40.73006, -73.710754)"
40.652317,-73.92752,"(40.652317, -73.92752)"
40.76122,-73.93056,"(40.76122, -73.93056)"
40.588722,-73.960464,"(40.588722, -73.960464)"
40.643456,-73.972725,"(40.643456, -73.972725)"
40.865532,-73.86238,"(40.865532, -73.86238)"
40.67612,-73.936005,"(40.67612, -73.936005)"
40.620663,-74.1524,"(40.620663, -74.1524)"
40.72166,-73.888664,"(40.72166, -73.888664)"
40.733723,-73.72516,"(40.733723, -73.72516)"
40.745686,-73.97213,"(40.745686, -73.97213)"
40.875294,-73.9088,"(40.875294, -73.9088)"
40.803555,-73.91184,"(40.803555, -73.91184)"
40.7605,-73.95699,"(40.7605, -73.95699)"
40.661995,-73.91959,"(40.661995, -73.91959)"
40.69045,-73.959435,"(40.69045, -73.959435)"
40.658672,-73.90019,"(40.658672, -73.90019)"
40.711227,-73.72826,"(40.711227, -73.72826)"
40.700485,-73.93637,"(40.700485, -73.93637)"
40.816555,-73.91755,"(40.816555, -73.91755)"
40.861862,-73.91282,"(40.861862, -73.91282)"
40.875793,-73.85465,"(40.875793, -73.85465)"
40.68657,-73.776146,"(40.68657, -73.776146)"
40.654705,-74.00731,"(40.654705, -74.00731)"
40.637054,-73.98643,"(40.637054, -73.98643)"
40.6191,-74.159615,"(40.6191, -74.159615)"
,,
40.734566,-73.72269,"(40.734566, -73.72269)"
40.714912,-73.94784,"(40.714912, -73.94784)"
40.74734,-73.88673,"(40.74734, -73.88673)"
40.6963,-73.97545,"(40.6963, -73.97545)"
40.63598,-73.915146,"(40.63598, -73.915146)"
40.724358,-73.742516,"(40.724358, -73.742516)"
40.586277,-73.9862,"(40.586277, -73.9862)"
40.671932,-73.85165,"(40.671932, -73.85165)"
40.650703,-73.920586,"(40.650703, -73.920586)"
,,
40.61378,-74.07225,"(40.61378, -74.07225)"
40.727375,-73.90313,"(40.727375, -73.90313)"
40.573204,-74.09711,"(40.573204, -74.09711)"
,,
40.671604,-73.86907,"(40.671604, -73.86907)"
40.740276,-73.92782,"(40.740276, -73.92782)"
,,
40.684,-73.95031,"(40.684, -73.95031)"
40.704494,-73.81743,"(40.704494, -73.81743)"
40.845642,-73.90211,"(40.845642, -73.90211)"
,,
40.82681,-73.85361,"(40.82681, -73.85361)"
40.681168,-73.92941,"(40.681168, -73.92941)"
40.64739,-73.92314,"(40.64739, -73.92314)"
40.687138,-73.75136,"(40.687138, -73.75136)"
,,
40.865143,-73.87204,"(40.865143, -73.87204)"
40.866673,-73.90896,"(40.866673, -73.90896)"
40.72313,-73.90614,"(40.72313, -73.90614)"
40.674934,-73.80186,"(40.674934, -73.80186)"
40.708363,-73.92401,"(40.708363, -73.92401)"
40.739525,-73.92512,"(40.739525, -73.92512)"
40.637997,-74.02136,"(40.637997, -74.02136)"
40.750965,-73.94027,"(40.750965, -73.94027)"
40.671585,-73.99843,"(40.671585, -73.99843)"
40.694294,-73.74868,"(40.694294, -73.74868)"
40.810173,-73.95117,"(40.810173, -73.95117)"
40.694748,-73.73427,"(40.694748, -73.73427)"
40.687103,-73.89251,"(40.687103, -73.89251)"
0,0,"(0.0, 0.0)"
40.861744,-73.911804,"(40.861744, -73.911804)"
40.741074,-73.7258,"(40.741074, -73.7258)"
40.67875,-73.794,"(40.67875, -73.794)"
40.666943,-73.890144,"(40.666943, -73.890144)"
40.6635,-73.94276,"(40.6635, -73.94276)"
40.850304,-73.85137,"(40.850304, -73.85137)"
40.827824,-73.91934,"(40.827824, -73.91934)"
40.575832,-74.12409,"(40.575832, -74.12409)"
40.730366,-73.91388,"(40.730366, -73.91388)"
40.640945,-73.94852,"(40.640945, -73.94852)"
40.784237,-73.947075,"(40.784237, -73.947075)"
40.76803,-73.87722,"(40.76803, -73.87722)"
40.669823,-73.90981,"(40.669823, -73.90981)"
40.659336,-73.92726,"(40.659336, -73.92726)"
,,
40.616093,-74.14523,"(40.616093, -74.14523)"
40.763546,-73.88209,"(40.763546, -73.88209)"
40.637234,-73.97266,"(40.637234, -73.97266)"
40.62614,-74.14276,"(40.62614, -74.14276)"
,,
40.638313,-73.95751,"(40.638313, -73.95751)"
40.651352,-73.89275,"(40.651352, -73.89275)"
40.696564,-73.79125,"(40.696564, -73.79125)"
40.72728,-73.97906,"(40.72728, -73.97906)"
40.67816,-73.897484,"(40.67816, -73.897484)"
40.905174,-73.85417,"(40.905174, -73.85417)"
40.810387,-73.91521,"(40.810387, -73.91521)"
40.754044,-73.990074,"(40.754044, -73.990074)"
40.755234,-73.941246,"(40.755234, -73.941246)"
40.708675,-73.93699,"(40.708675, -73.93699)"
40.65103,-73.93032,"(40.65103, -73.93032)"
40.645985,-74.00723,"(40.645985, -74.00723)"
40.794773,-73.816185,"(40.794773, -73.816185)"
40.845467,-73.940475,"(40.845467, -73.940475)"
40.643875,-74.01887,"(40.643875, -74.01887)"
40.658947,-73.73472,"(40.658947, -73.73472)"
40.69168,-73.999344,"(40.69168, -73.999344)"
40.59727,-73.99868,"(40.59727, -73.99868)"
40.878155,-73.84005,"(40.878155, -73.84005)"
40.696983,-73.935234,"(40.696983, -73.935234)"
40.821075,-73.882126,"(40.821075, -73.882126)"
40.88765,-73.84167,"(40.88765, -73.84167)"
40.687843,-73.82005,"(40.687843, -73.82005)"
40.673252,-73.87773,"(40.673252, -73.87773)"
,,
40.6699,-73.95116,"(40.6699, -73.95116)"
40.667683,-73.99608,"(40.667683, -73.99608)"
40.63529,-73.958206,"(40.63529, -73.958206)"
40.71772,-73.96202,"(40.71772, -73.96202)"
40.857605,-73.93778,"(40.857605, -73.93778)"
40.7491,-73.984085,"(40.7491, -73.984085)"
40.71493,-73.79316,"(40.71493, -73.79316)"
40.721985,-73.98552,"(40.721985, -73.98552)"
40.5843,-74.16492,"(40.5843, -74.16492)"
40.67983,-73.9583,"(40.67983, -73.9583)"
40.730198,-73.954254,"(40.730198, -73.954254)"
40.821117,-73.957466,"(40.821117, -73.957466)"
40.849167,-73.92393,"(40.849167, -73.92393)"
40.579826,-73.97622,"(40.579826, -73.97622)"
40.681335,-73.97667,"(40.681335, -73.97667)"
40.756725,-73.96,"(40.756725, -73.96)"
40.756557,-73.87594,"(40.756557, -73.87594)"
40.67792,-73.9182,"(40.67792, -73.9182)"
40.607876,-73.92554,"(40.607876, -73.92554)"
40.607643,-74.03375,"(40.607643, -74.03375)"
40.540188,-74.149,"(40.540188, -74.149)"
40.616306,-74.03348,"(40.616306, -74.03348)"
,,
40.583874,-73.823044,"(40.583874, -73.823044)"
40.877827,-73.879585,"(40.877827, -73.879585)"
40.714554,-73.83147,"(40.714554, -73.83147)"
40.763668,-73.82303,"(40.763668, -73.82303)"
,,
40.705246,-73.95908,"(40.705246, -73.95908)"
40.77451,-73.838036,"(40.77451, -73.838036)"
40.768482,-73.95255,"(40.768482, -73.95255)"
40.797405,-73.942535,"(40.797405, -73.942535)"
40.74058,-73.978935,"(40.74058, -73.978935)"
40.829723,-73.8981,"(40.829723, -73.8981)"
40.7406,-73.81025,"(40.7406, -73.81025)"
40.71363,-73.917885,"(40.71363, -73.917885)"
40.647594,-73.97351,"(40.647594, -73.97351)"
40.760403,-73.98748,"(40.760403, -73.98748)"
40.71975,-73.992165,"(40.71975, -73.992165)"
40.834503,-73.93037,"(40.834503, -73.93037)"
40.63115,-74.076454,"(40.63115, -74.076454)"
40.835724,-73.92129,"(40.835724, -73.92129)"
40.6354,-74.106674,"(40.6354, -74.106674)"
40.781647,-73.833664,"(40.781647, -73.833664)"
40.68837,-73.98056,"(40.68837, -73.98056)"
40.790417,-73.95184,"(40.790417, -73.95184)"
40.6481,-73.91474,"(40.6481, -73.91474)"
40.71275,-73.7673,"(40.71275, -73.7673)"
40.60069,-74.010056,"(40.60069, -74.010056)"
40.738068,-73.861046,"(40.738068, -73.861046)"
40.680496,-73.821365,"(40.680496, -73.821365)"
40.61924,-73.954124,"(40.61924, -73.954124)"
40.629105,-74.034645,"(40.629105, -74.034645)"
40.699818,-73.920135,"(40.699818, -73.920135)"
,,
40.69802,-73.7623,"(40.69802, -73.7623)"
,,
,,
40.62893,-73.971375,"(40.62893, -73.971375)"
40.831177,-73.942085,"(40.831177, -73.942085)"
40.675037,-73.930534,"(40.675037, -73.930534)"
40.64884,-73.95102,"(40.64884, -73.95102)"
40.757725,-73.779274,"(40.757725, -73.779274)"
40.766586,-73.9531,"(40.766586, -73.9531)"
40.833126,-73.828285,"(40.833126, -73.828285)"
40.834675,-73.930275,"(40.834675, -73.930275)"
40.600883,-73.958694,"(40.600883, -73.958694)"
40.863647,-73.8918,"(40.863647, -73.8918)"
40.593002,-74.159,"(40.593002, -74.159)"
40.689426,-73.94223,"(40.689426, -73.94223)"
40.75458,-73.99915,"(40.75458, -73.99915)"
40.741394,-73.82303,"(40.741394, -73.82303)"
40.676594,-73.89038,"(40.676594, -73.89038)"
40.76468,-73.9643,"(40.76468, -73.9643)"
40.832764,-73.94583,"(40.832764, -73.94583)"
40.698544,-73.96236,"(40.698544, -73.96236)"
40.747536,-73.89344,"(40.747536, -73.89344)"
40.540833,-74.159386,"(40.540833, -74.159386)"
40.670017,-73.746185,"(40.670017, -73.746185)"
40.694996,-73.97022,"(40.694996, -73.97022)"
40.676758,-73.917404,"(40.676758, -73.917404)"
40.80124,-73.94183,"(40.80124, -73.94183)"
,,
40.667377,-73.880394,"(40.667377, -73.880394)"
40.734135,-73.9992,"(40.734135, -73.9992)"
40.679935,-73.91389,"(40.679935, -73.91389)"
40.715252,-73.74891,"(40.715252, -73.74891)"
40.684475,-73.97408,"(40.684475, -73.97408)"
40.67816,-74.01416,"(40.67816, -74.01416)"
,,
40.79099,-73.96518,"(40.79099, -73.96518)"
40.780125,-73.95304,"(40.780125, -73.95304)"
40.800262,-73.94554,"(40.800262, -73.94554)"
40.682842,-73.9766,"(40.682842, -73.9766)"
40.660316,-73.913216,"(40.660316, -73.913216)"
40.8053,-73.94728,"(40.8053, -73.94728)"
40.834507,-73.91772,"(40.834507, -73.91772)"
40.758224,-73.91741,"(40.758224, -73.91741)"
40.824734,-73.94854,"(40.824734, -73.94854)"
40.855873,-73.79149,"(40.855873, -73.79149)"
40.686115,-73.86992,"(40.686115, -73.86992)"
40.693176,-73.95214,"(40.693176, -73.95214)"
40.755337,-73.843254,"(40.755337, -73.843254)"
40.641895,-73.93324,"(40.641895, -73.93324)"
40.83878,-73.918106,"(40.83878, -73.918106)"
40.663227,-73.93159,"(40.663227, -73.93159)"
40.76151,-73.88361,"(40.76151, -73.88361)"
40.70042,-73.956566,"(40.70042, -73.956566)"
40.609436,-74.0694,"(40.609436, -74.0694)"
40.64393,-73.99933,"(40.64393, -73.99933)"
40.61636,-74.15677,"(40.61636, -74.15677)"
40.761303,-73.86043,"(40.761303, -73.86043)"
40.694836,-73.96915,"(40.694836, -73.96915)"
40.580658,-73.985664,"(40.580658, -73.985664)"
40.872303,-73.84665,"(40.872303, -73.84665)"
40.639805,-73.95132,"(40.639805, -73.95132)"
40.60871,-73.74768,"(40.60871, -73.74768)"
40.758156,-73.89627,"(40.758156, -73.89627)"
